{
    "document": {
        "pageListHeight": 85,
        "pageListCollapsed": 0
    },
    "7DF8B5F9-0638-4937-B9B9-B54BAF129F9D": {
        "scrollOrigin": "{420, 315}",
        "zoomValue": 0.3857000472252666
    },
    "02D9DFF7-683C-46F6-B32C-1914784FB4D4": {
        "scrollOrigin": "{104, 234}",
        "zoomValue": 0.256980056980057
    }
}
